id_expansion,expansion_code,expansion_codes,expansion_name
1,LEA,LEA,Alpha
2,LEB,LEB,Beta
3,2ED,2ED,Unlimited
4,ARN,ARN,Arabian Nights
5,ATQ,ATQ,Antiquities
6,3ED,3ED,Revised
7,LEG,LEG,Legends
8,DRK,DRK,The Dark
9,FEM,FEM,Fallen Empires
10,4ED,4ED,Fourth Edition
11,ICE,ICE,Ice Age
12,CHR,CHR,Chronicles
14,HML,HML,Homelands
15,ALL,ALL,Alliances
16,MIR,MIR,Mirage
17,VIS,VIS,Visions
18,WTH,WTH,Weatherlight
19,TMP,TMP,Tempest
20,STH,STH,Stronghold
21,EXO,EXO,Exodus
22,UGL,UGL,Unglued
23,5ED,5ED,Fifth Edition
24,P02,P02,Portal Second Age
25,POR,POR,Portal
26,USG,USG,Urza's Saga
27,ULG,ULG,Urza's Legacy
28,UDS,UDS,Urza's Destiny
29,6ED,6ED,Sixth Edition
30,PTK,PTK,Portal Three Kingdoms
31,MMQ,MMQ,Mercadian Masques
32,NEM,NEM,Nemesis
33,PCY,PCY,Prophecy
34,INV,INV,Invasion
35,PLS,PLS,Planeshift
36,APC,APC,Apocalypse
37,7ED,7ED,Seventh Edition
38,ODY,ODY,Odyssey
39,TOR,TOR,Torment
40,JUD,JUD,Judgment
41,ONS,ONS,Onslaught
42,LGN,LGN,Legions
43,SCG,SCG,Scourge
44,8ED,8ED,Eighth Edition
45,MRD,MRD,Mirrodin
46,DST,DST,Darksteel
47,5DN,5DN,Fifth Dawn
48,CHK,CHK,Champions of Kamigawa
49,9ED,9ED,Ninth Edition
50,SOK,SOK,Saviors of Kamigawa
51,BOK,BOK,Betrayers of Kamigawa
52,CSP,CSP,Coldsnap
53,DIS,DIS,Dissension
54,GPT,GPT,Guildpact
55,RAV,RAV,Ravnica: City of Guilds
56,TSP,TSP,Time Spiral
57,FBB,FBB,Foreign Black Bordered
58,PLC,PLC,Planar Chaos
59,UNH,UNH,Unhinged
60,REN,REN,Renaissance
61,CED,CED,Collectors' Edition
62,BTD,BTD,Beatdown
63,S99,S99,Starter 1999
64,BRB,BRB,Battle Royale
65,S00,S00,Starter 2000
66,DCI,DCI,DCI Promos
67,DKM,DKM,Deckmasters
69,PVAN,PVAN,Vanguard
70,FUT,FUT,Future Sight
71,PHPR,PHPR,Harper Prism Promos
72,,,Friday Night Magic Promos
73,,,Foreign White Bordered
74,10E,10E,Tenth Edition
75,ATH,ATH,Anthologies
76,SUM,SUM,Summer Magic
77,CEI,CEI,International Edition
78,,,Gateway Promos
79,,,Player Rewards Promos
80,,,Judge Rewards Promos
81,PELP,PELP,Euro Lands
82,CST,CST,Coldsnap Theme Decks
83,,,Prerelease Promos
84,LRW,LRW,Lorwyn
85,ITP,ITP,Introductory Two-Player Set
86,,,Junior Super Series Promos
87,PJJT,PJJT,Japan Junior Tournament Promos
88,PGRU,PGRU,Guru Lands
89,,,Arena League Promos
91,DD1,DD1,Duel Decks: Elves vs. Goblins
92,MOR,MOR,Morningtide
93,,,The Duelist Promos
94,PCMP,PCMP,Champs & States Promos
95,SHM,SHM,Shadowmoor
96,RIN,RIN,Rinascimento
97,PALP,PALP,APAC Lands
98,,,Resale Promos
99,EVE,EVE,Eventide
100,DRB,DRB,From the Vault: Dragons
101,,,Magic Premiere Shop Promos
102,ALA,ALA,Shards of Alara
104,DD2,DD2,Duel Decks: Jace vs. Chandra
105,PSAL,PSAL,Salvat-Hachette
106,CON,CON,Conflux
107,DDC,DDC,Duel Decks: Divine vs. Demonic
108,ARB,ARB,Alara Reborn
109,M10,M10,Magic 2010
110,,,Oversized 6x9 Promos
111,,,Oversized Box Toppers
112,V09,V09,From the Vault: Exiled
113,HOP,HOP,Planechase
114,ZEN,ZEN,Zendikar
115,DDD,DDD,Duel Decks: Garruk vs. Liliana
116,H09,H09,Premium Deck Series: Slivers
117,,,Armada Comics
118,WWK,WWK,Worldwake
119,DDE,DDE,Duel Decks: Phyrexia vs. The Coalition
120,ROE,ROE,Rise of the Eldrazi
121,,,Pro Tour 1996: Bertrand Lestree
122,,,Pro Tour 1996: Eric Tam
123,,,Pro Tour 1996: George Baxter
124,,,Pro Tour 1996: Leon Lindback
125,,,Pro Tour 1996: Mark Justice
126,,,Pro Tour 1996: Michael Locanto
127,,,Pro Tour 1996: Preston Poulter
128,,,Pro Tour 1996: Shawn Regnier
129,,,TopDeck Promos
1193,DPA,DPA,Duels of the Planeswalkers Decks
1194,ARC,ARC,Archenemy
1197,M11,M11,Magic 2011
1198,,,Buy a Box Promos
1199,,,WCD 1997: Jakub Slemr
1200,,,WCD 1997: Janosch Kuhn
1202,V10,V10,From the Vault: Relics
1203,DDF,DDF,Duel Decks: Elspeth vs. Tezzeret
1206,SOM,SOM,Scars of Mirrodin
1209,,,Game Day Set Promos
1210,,,Release Promos
1218,PD2,PD2,Premium Deck Series: Fire & Lightning
1247,HHO,HHO,Happy Holidays Promos
1248,,,Dengeki Maoh Promos
1249,,,Promos
1253,MBS,MBS,Mirrodin Besieged
1259,PS11,PS11,Salvat-Hachette 2011
1261,DDG,DDG,Duel Decks: Knights vs. Dragons
1262,NPH,NPH,New Phyrexia
1269,,,2006 Player Cards
1273,CMD,CMD,Commander
1278,,,Duels of the Planeswalkers Promos
1280,M12,M12,Magic 2012
1281,,,Your Move Games Tokens
1286,V11,V11,From the Vault: Legends
1288,DDH,DDH,Duel Decks: Ajani vs. Nicol Bolas
1292,,,WCD 1997: Paul McCabe
1293,,,WCD 1997: Svend Geertsen
1294,,,WCD 1998: Randy Buehler
1295,,,WCD 1998: Brian Hacker
1296,,,WCD 1998: Ben Rubin
1297,,,WCD 1998: Brian Selden
1298,,,WCD 1999: Jakub Šlemr
1299,,,WCD 1999: Matt Linde
1300,,,WCD 1999: Mark Le Pine
1301,,,WCD 1999: Kai Budde
1302,,,WCD 2000: Nicolas Labarre
1303,,,WCD 2000: Tom Van de Logt
1304,,,WCD 2000: Janosch Kühn
1305,,,WCD 2000: Jon Finkel
1306,,,WCD 2001: Jan Tomcani
1307,,,WCD 2001: Antoine Ruel
1308,,,WCD 2001: Alex Borteh
1309,,,WCD 2001: Tom van de Logt
1310,,,WCD 2002: Sim Han How
1311,,,WCD 2002: Raphael Levy
1312,,,WCD 2002: Brian Kibler
1313,,,WCD 2002: Carlos Romao
1314,,,WCD 2003: Peer Kröger
1315,,,WCD 2003: Wolfgang Eder
1316,,,WCD 2003: Dave Humpherys
1317,,,WCD 2003: Daniel Zink
1318,,,WCD 2004: Gabriel Nassif
1319,,,WCD 2004: Manuel Bevand
1320,,,WCD 2004: Aeo Paquette
1321,,,WCD 2004: Julien Nuijten
1327,ISD,ISD,Innistrad
1328,,,JingHe Age: 2002 Tokens
1329,,,JingHe Age: MtG 10th Anniversary Tokens
1332,,,Fourth Edition: Black Bordered
1337,PD3,PD3,Premium Deck Series: Graveborn
1342,,,CardZ Promos
1345,DKA,DKA,Dark Ascension
1350,DDI,DDI,Duel Decks: Venser vs. Koth
1358,AVR,AVR,Avacyn Restored
1360,,,Magic Scholarship Series Promos
1361,,,Junior Series Promos
1367,,,Misprints
1369,PC2,PC2,Planechase 2012
1388,M13,M13,Magic 2013
1389,RTR,RTR,Return to Ravnica
1391,,,2005 Player Cards
1392,,,2007 Player Cards
1397,V12,V12,From the Vault: Realms
1398,DDJ,DDJ,Duel Decks: Izzet vs. Golgari
1401,,,Simplified Chinese Alternate Art Cards
1407,,,Magic the Gathering Products
1408,,,Filler Cards
1413,PIDW,PIDW,IDW Promos
1418,CM1,CM1,Commander's Arsenal
1421,,,Hobby Japan Commemorative Promos
1424,GTC,GTC,Gatecrash
1430,DDK,DDK,Duel Decks: Sorin vs. Tibalt
1432,,,Revista Serra Promos
1435,DGM,DGM,Dragon's Maze
1438,,,Starcity Games: Justin Treadway Tokens
1444,MMA,MMA,Modern Masters
1449,M14,M14,Magic 2014
1451,,,Ultra-Pro Puzzle Cards
1454,PSDC,PSDC,San Diego Comic-Con 2013 Promos
1455,V13,V13,From the Vault: Twenty
1456,DDL,DDL,Duel Decks: Heroes vs. Monsters
1457,THS,THS,Theros
1464,C13,C13,Commander 2013
1469,BNG,BNG,Born of the Gods
1477,DDM,DDM,Duel Decks: Jace vs. Vraska
1481,JOU,JOU,Journey into Nyx
1483,CNS,CNS,Conspiracy
1484,MD1,MD1,Modern Event Deck 2014
1485,M15,M15,Magic 2015
1490,,,Clash Pack Promos
1491,PS14,PS14,San Diego Comic-Con 2014 Promos
1494,V14,V14,From the Vault: Annihilation
1495,KTK,KTK,Khans of Tarkir
1496,DDN,DDN,Duel Decks: Speed vs. Cunning
1499,,,Custom Tokens
1500,,,Starcity Games: Commemorative Tokens
1501,,,Starcity Games: Creature Collection
1502,,,Tokens for MTG
1509,,,Duel Decks: Anthology
1511,,,Tierra Media Tokens
1512,,,Starcity Games: Kristen Plescow Tokens
1513,C14,C14,Commander 2014
1514,,,Starcity Games: Token Series One
1515,,,TokyoMTG Products
1519,MGB,MGB,Multiverse Gift Box
1522,FRF,FRF,Fate Reforged
1586,,,Junior APAC Series Promos
1587,UGIN,UGIN,Ugin's Fate Promos
1588,PKTK,PKTK,Khans of Tarkir: Promos
1589,PFRF,PFRF,Fate Reforged: Promos
1593,DDO,DDO,Duel Decks: Elspeth vs. Kiora
1594,,,League Promos
1595,PGPX,PGPX,Grand Prix Promos
1596,PPRO,PPRO,Pro Tour Promos
1597,,,Convention Promos
1599,BCHR,BCHR,Chronicles: Japanese
1600,,,Fourth Edition: Alternate
1601,DTK,DTK,Dragons of Tarkir
1602,PDTK,PDTK,Dragons of Tarkir: Promos
1638,,,Fallen Empires: Wyvern Misprints
1639,,,Oversized 9x12 Promos
1641,MM2,MM2,Modern Masters 2015
1642,,,GamingEtc Tokens
1643,,,Judge Program Tokens
1652,ORI,ORI,Magic Origins
1655,PORI,PORI,Magic Origins: Promos
1658,PS15,PS15,San Diego Comic-Con 2015 Promos
1659,,,Yummy Tokens
1661,V15,V15,From the Vault: Angels
1662,,,Cardmarket Tokens
1663,DDP,DDP,Duel Decks: Zendikar vs. Eldrazi
1665,,,MKM Series
1668,BFZ,BFZ,Battle for Zendikar
1669,EXP,EXP,Zendikar Expeditions
1670,PBFZ,PBFZ,Battle for Zendikar: Promos
1676,OGW,OGW,Oath of the Gatewatch
1679,C15,C15,Commander 2015
1686,POGW,POGW,Oath of the Gatewatch: Promos
1691,,,GnD Cards
1692,DDQ,DDQ,Duel Decks: Blessed vs. Cursed
1694,SOI,SOI,Shadows over Innistrad
1695,EMN,EMN,Eldritch Moon
1696,EMA,EMA,Eternal Masters
1702,CN2,CN2,Conspiracy: Take the Crown
1703,V16,V16,From the Vault: Lore
1704,PSOI,PSOI,Shadows over Innistrad: Promos
1705,,,Javi Alterations Tokens
1710,W16,W16,Welcome Deck 2016
1717,KLD,KLD,Kaladesh
1718,AER,AER,Aether Revolt
1719,C16,C16,Commander 2016
1720,DDR,DDR,Duel Decks: Nissa vs. Ob Nixilis
1722,PCA,PCA,Planechase Anthology
1723,PEMN,PEMN,Eldritch Moon: Promos
1725,PS16,PS16,San Diego Comic-Con 2016 Promos
1726,PKLD,PKLD,Kaladesh: Promos
1727,MM3,MM3,Modern Masters 2017
1728,DDS,DDS,Duel Decks: Mind vs. Might
1729,AKH,AKH,Amonkhet
1730,E01,E01,Archenemy: Nicol Bolas
1731,HOU,HOU,Hour of Devastation
1732,CMA,CMA,Commander Anthology
1733,MPS,MPS,Kaladesh Inventions
1750,PAER,PAER,Aether Revolt: Promos
1765,,,Mezzocielo & Friends Mini Tokens
1798,MP2,MP2,Amonkhet Invocations
1802,W17,W17,Welcome Deck 2017
1803,PAKH,PAKH,Amonkhet: Promos
1809,,,Standard Series Promos
1811,IMA,IMA,Iconic Masters
1812,XLN,XLN,Ixalan
1813,C17,C17,Commander 2017
1818,DDT,DDT,Duel Decks: Merfolk vs. Goblins
1819,V17,V17,From the Vault: Transform
1820,A25,A25,Masters 25
1821,UST,UST,Unstable
1822,DOM,DOM,Dominaria
1825,PHOU,PHOU,Hour of Devastation: Promos
1828,PS17,PS17,San Diego Comic-Con 2017 Promos
1829,RIX,RIX,Rivals of Ixalan
1830,E02,E02,Explorers of Ixalan
1833,,,Rk post Products
1834,,,Mezzocielo & Friends Classic Tokens
1835,M19,M19,Core 2019
1836,,,Standard Showdown Promos
1837,,,The Dark Italian
1838,,,Legends Italian
1841,H17,H17,Hascon 2017 Promos
1844,,,Open House Promos
1847,PXLN,PXLN,Ixalan: Promos
2023,,,Store Championship Promos
2063,PRIX,PRIX,Rivals of Ixalan: Promos
2068,DDU,DDU,Duel Decks: Elves vs. Inventors
2103,SS1,SS1,Signature Spellbook: Jace
2108,GS1,GS1,Global Series Jiang Yanggu & Mu Yanling
2109,CM2,CM2,Commander Anthology II
2110,C18,C18,Commander 2018
2111,BBD,BBD,Battlebond
2114,,,Johannes Voss Tokens
2315,PDOM,PDOM,Dominaria: Promos
2333,PBBD,PBBD,Battlebond: Promos
2337,PM19,PM19,Core 2019: Promos
2341,PS18,PS18,San Diego Comic-Con 2018 Promos
2348,GRN,GRN,Guilds of Ravnica
2360,,,Old School Tokens
2371,GRN,GRN,Guilds of Ravnica: Extras
2372,,,Weekend Promos
2373,MED,MED,Guilds of Ravnica: Mythic Edition
2379,GK1,GK1,Guilds of Ravnica: Guild Kits
2381,GNT,GNT,Magic Game Night
2397,UMA,UMA,Ultimate Masters
2398,PUMA,PUMA,Ultimate Box Toppers
2411,RNA,RNA,Ravnica Allegiance
2413,,,MagicFest Promos
2417,,,Heroes of the Realm Promos
2419,RNA,RNA,Ravnica Allegiance: Extras
2422,,,Ravnica Allegiance: Mythic Edition
2423,GK2,GK2,Ravnica Allegiance: Guild Kits
2439,WAR,WAR,War of the Spark
2440,MH1,MH1,Modern Horizons
2447,M20,M20,Core 2020
2448,C19,C19,Commander 2019
2451,WAR,WAR,War of the Spark: Extras
2457,,,Mark Poole Tokens
2459,,,War of the Spark: Mythic Edition
2460,SS2,SS2,Signature Spellbook: Gideon
2461,,,War of the Spark: Japanese Alternate-Art Planeswalkers
2484,AMH1,AMH1,Modern Horizons: Art Series
2490,M20,M20,Core 2020: Extras
2511,PS19,PS19,San Diego Comic-Con 2019 Promos
2517,,,Aaron Miller Tokens
2520,,,ALRadeck Tokens
2523,,,Angelarium Tokens
2526,,,Cardamajigs Tokens
2529,,,Cats & Cantrips Tokens
2532,,,Durdling Around Tokens
2552,,,Givememana's Tokens
2557,,,Human for Scale Tokens
2562,,,Jason Engle Tokens
2567,,,Tokens of Spirit
2572,,,Classic Art Tokens
2582,ELD,ELD,Throne of Eldraine
2587,ELD,ELD,Throne of Eldraine: Extras
2694,PELD,PELD,Throne of Eldraine: Promos
2699,PTG,PTG,Ponies: The Galloping
2804,GN2,GN2,Game Night 2019
2809,UND,UND,Unsanctioned
2814,THB,THB,Theros Beyond Death
2819,IKO,IKO,Ikoria: Lair of Behemoths
2869,,,Mystery Booster: Playtest Cards
2874,,,Mystery Booster
2911,C20,C20,Commander: Ikoria
2956,,,Card Game Tokens
2961,THB,THB,Theros Beyond Death: Extras
2999,PTHB,PTHB,Theros Beyond Death: Promos
3043,,,Amaranth Alchemy Tokens
3048,M21,M21,Core 2021
3053,JMP,JMP,Jumpstart
3063,SS3,SS3,Signature Spellbook: Chandra
3068,SLU,SLU,Secret Lair: Ultimate Edition
3113,IKO,IKO,Ikoria: Lair of Behemoths: Extras
3118,PIKO,PIKO,Ikoria: Lair of Behemoths: Promos
3204,2XM,2XM,Double Masters
3209,2XM,2XM,Double Masters: Extras
3309,M21,M21,Core 2021: Extras
3319,PM21,PM21,Core 2021: Promos
3344,,,Anthony Christou Tokens
3349,,,Andrew Thompson Tokens
3394,CC1,CC1,Commander Collection: Green
3399,ZNC,ZNC,Commander: Zendikar Rising
3404,ZNR,ZNR,Zendikar Rising
3454,CMR,CMR,Commander Legends
3459,CMR,CMR,Commander Legends: Extras
3474,ZNR,ZNR,Zendikar Rising: Extras
3489,ZNE,ZNE,Zendikar Rising Expeditions
3494,PLST,PLST,The List
3500,PZNR,PZNR,Zendikar Rising: Promos
3660,KHM,KHM,Kaldheim
3680,KHM,KHM,Kaldheim: Extras
3685,KHC,KHC,Commander: Kaldheim
3723,PKHM,PKHM,Kaldheim: Promos
3741,STX,STX,Strixhaven: School of Mages
3746,STA,STA,Mystical Archive
3756,C21,C21,Commander: Strixhaven
3761,STX,STX,Strixhaven: School of Mages: Extras
3766,TSR,TSR,Time Spiral Remastered
3771,TSR,TSR,Time Spiral Remastered: Extras
4175,C21,C21,Commander: Strixhaven: Extras
4176,PSTX,PSTX,Strixhaven: School of Mages: Promos
4219,MH2,MH2,Modern Horizons 2
4244,MH2,MH2,Modern Horizons 2: Extras
4259,AFR,AFR,Adventures in the Forgotten Realms
4260,AFR,AFR,Adventures in the Forgotten Realms: Extras
4275,H1R,H1R,Modern Horizons: Retro Frame Cards
4327,PMH2,PMH2,Modern Horizons 2: Promos
4356,AFC,AFC,Commander: Adventures in the Forgotten Realms
4358,PAFR,PAFR,Adventures in the Forgotten Realms: Promos
4359,AFC,AFC,Commander: Adventures in the Forgotten Realms: Extras
4362,MID,MID,Innistrad: Midnight Hunt
4363,MID,MID,Innistrad: Midnight Hunt: Extras
4364,VOW,VOW,Innistrad: Crimson Vow
4365,MIC,MIC,Commander: Innistrad: Midnight Hunt
4366,VOC,VOC,Commander: Innistrad: Crimson Vow
4383,PMID,PMID,Innistrad: Midnight Hunt: Promos
4400,CC2,CC2,Commander Collection: Black
4401,DBL,DBL,Innistrad: Double Feature
4423,VOW,VOW,Innistrad: Crimson Vow: Extras
4461,PVOW,PVOW,Innistrad: Crimson Vow: Promos
4468,UNF,UNF,Unfinity
4469,UNF,UNF,Unfinity: Extras
4472,NEO,NEO,Kamigawa: Neon Dynasty
4473,NEO,NEO,Kamigawa: Neon Dynasty: Extras
4474,NEC,NEC,Commander: Kamigawa: Neon Dynasty
4947,PNEO,PNEO,Kamigawa: Neon Dynasty: Promos
4975,SNC,SNC,Streets of New Capenna
4976,SNC,SNC,Streets of New Capenna: Extras
4977,NCC,NCC,Commander: Streets of New Capenna
5030,CLB,CLB,Commander Legends: Battle for Baldur's Gate
5031,CLB,CLB,Commander Legends: Battle for Baldur's Gate: Extras
5038,SLX,SLX,Universes Within
5039,PSNC,PSNC,Streets of New Capenna: Promos
5040,NCC,NCC,Commander: Streets of New Capenna: Extras
5069,GDY,GDY,Game Day Promos
5070,2X2,2X2,Double Masters 2022
5071,2X2,2X2,Double Masters 2022: Extras
5072,DMU,DMU,Dominaria United
5073,DMU,DMU,Dominaria United: Extras
5074,40K,40K,"Universes Beyond: Warhammer 40,000"
5075,PNCC,PNCC,Commander: Streets of New Capenna: Promos
5084,PCLB,PCLB,Commander Legends: Battle for Baldur's Gate: Promos
5108,GN3,GN3,Game Night: Free For All
5118,PDMU,PDMU,Dominaria United: Promos
5122,DMC,DMC,Commander: Dominaria United
5123,DMC,DMC,Commander: Dominaria United: Extras
5126,,,30th Anniversary Celebration
5164,BRO,BRO,The Brothers' War
5165,BRO,BRO,The Brothers' War: Extras
5168,BRC,BRC,Commander: The Brothers' War
5169,BRC,BRC,Commander: The Brothers' War: Extras
5170,BRR,BRR,Retro Frame Artifacts
5171,P30H,P30H,30th Anniversary History Promos
5172,BOT,BOT,Universes Beyond: Transformers
5173,SCD,SCD,Starter Commander Decks
5178,PBRO,PBRO,The Brothers' War: Promos
5181,,,Secret Lair Drop Series: LI’L’ER Walkers
5184,ONE,ONE,Phyrexia: All Will Be One
5185,J22,J22,Jumpstart 2022
5186,,,Durian Tokens
5187,,,MorArt Tokens
5189,,,"House of Tokens, by J.F.S."
5191,ONE,ONE,Phyrexia: All Will Be One: Extras
5192,DMR,DMR,Dominaria Remastered
5193,DMR,DMR,Dominaria Remastered: Extras
5197,PONE,PONE,Phyrexia: All Will Be One: Promos
5199,30A,30A,30th Anniversary Edition
5208,MAT,MAT,March of the Machine: The Aftermath: Extras
5225,ONC,ONC,Commander: Phyrexia: All Will Be One
5227,MOM,MOM,March of the Machine
5228,ONC,ONC,Commander: Phyrexia: All Will Be One: Extras
5245,,,MagicCon Products
5248,,,Three for One Trading
5249,,,2023 Lunar New Year Promos
5253,,,DeadRatART Tokens
5256,,,Zerofun's Tokens
5278,MOM,MOM,March of the Machine: Extras
5279,MOC,MOC,Commander: March of the Machine
5280,MOC,MOC,Commander: March of the Machine: Extras
5284,MUL,MUL,Multiverse Legends
5285,LTR,LTR,The Lord of the Rings: Tales of Middle-earth
5286,CMM,CMM,Commander Masters
5296,LTC,LTC,Commander: The Lord of the Rings: Tales of Middle-earth
5308,LTR,LTR,The Lord of the Rings: Tales of Middle-earth: Extras
5310,PMOM,PMOM,March of the Machine: Promos
5320,MAT,MAT,March of the Machine: The Aftermath
5345,,,Stained Glass Tokens
5346,,,Linfongart Tokens
5347,,,Usagi Tokens
5358,WHO,WHO,Universes Beyond: Doctor Who
5359,WOE,WOE,Wilds of Eldraine
5360,WOC,WOC,Commander: Wilds of Eldraine
5387,LTC,LTC,Commander: The Lord of the Rings: Tales of Middle-earth: Extras
5396,PLTR,PLTR,The Lord of the Rings: Tales of Middle-earth: Promos
5399,,,Tzipi Tokens
5406,,,Jenn Polk Tokens
5407,,,Mike Bakker Tokens
5408,,,Shannon Allen Tokens
5418,CMM,CMM,Commander Masters: Extras
5424,WHO,WHO,Universes Beyond: Doctor Who: Extras
5425,WOC,WOC,Commander: Wilds of Eldraine: Extras
5428,WOE,WOE,Wilds of Eldraine: Extras
5442,WOT,WOT,Enchanting Tales
5463,PWOE,PWOE,Wilds of Eldraine: Promos
5489,,,The Lord of the Rings: Tales of Middle-earth Holiday Release
5490,LCI,LCI,The Lost Caverns of Ixalan
5491,LCI,LCI,The Lost Caverns of Ixalan: Extras
5492,LCC,LCC,Commander: The Lost Caverns of Ixalan
5505,RVR,RVR,Ravnica Remastered
5506,RVR,RVR,Ravnica Remastered: Extras
5520,LCC,LCC,Commander: The Lost Caverns of Ixalan: Extras
5521,PLCI,PLCI,The Lost Caverns of Ixalan: Promos
5522,REX,REX,Universes Beyond: Jurassic World Collection
5523,SPG,SPG,Special Guests
5536,,,The Lost Caverns of Ixalan: Tokens
5544,PIP,PIP,Universes Beyond: Fallout
5545,PIP,PIP,Universes Beyond: Fallout: Extras
5561,MKM,MKM,Murders at Karlov Manor
5562,MKC,MKC,Commander: Murders at Karlov Manor
5571,,,Alfie's Adventure Tokens
5572,CLU,CLU,Ravnica: Cluedo Edition
5588,,,Ravnica Remastered: Tokens
5599,MKM,MKM,Murders at Karlov Manor: Extras
5600,PMKM,PMKM,Murders at Karlov Manor: Promos
5601,MKC,MKC,Commander: Murders at Karlov Manor: Extras
5602,,,Murders at Karlov Manor: Tokens
5615,,,Mystic Tokens
5625,,,2024 Lunar New Year Promos
5634,,,SAWATARIX
5647,OTJ,OTJ,Outlaws of Thunder Junction
5648,OTC,OTC,Commander: Outlaws of Thunder Junction
5652,MH3,MH3,Modern Horizons 3
5653,MH3,MH3,Modern Horizons 3: Extras
5654,M3C,M3C,Commander: Modern Horizons 3
5655,ACR,ACR,Universes Beyond: Assassin's Creed
5656,ACR,ACR,Universes Beyond: Assassin's Creed: Extras
5657,M3C,M3C,Commander: Modern Horizons 3: Extras
5658,BLB,BLB,Bloomburrow
5659,BLB,BLB,Bloomburrow: Extras
5660,BLC,BLC,Commander: Bloomburrow
5661,BLC,BLC,Commander: Bloomburrow: Extras
5662,OTJ,OTJ,Outlaws of Thunder Junction: Extras
5663,OTC,OTC,Commander: Outlaws of Thunder Junction: Extras
5664,BIG,BIG,The Big Score
5665,OTP,OTP,Breaking News
5666,,,Universes Beyond: Fallout: Tokens
5669,POTJ,POTJ,Outlaws of Thunder Junction: Promos
5671,,,Outlaws of Thunder Junction: Tokens
5696,,,Mockens Tokens
5745,,,GameON Tokens
5746,,,LocalProAlters Tokens
5763,,,Modern Horizons 3: Retro Frame Cards
5784,,,Modern Horizons 3: Tokens
5785,PMH3,PMH3,Modern Horizons 3: Promos
5789,PBLB,PBLB,Bloomburrow: Promos
5790,,,Bloomburrow: Tokens
5794,,,Universes Beyond: Assassin's Creed: Tokens
5806,DSK,DSK,Duskmourn: House of Horror
5807,DSK,DSK,Duskmourn: House of Horror: Extras
5808,DSC,DSC,Commander: Duskmourn: House of Horror
5809,DSC,DSC,Commander: Duskmourn: House of Horror: Extras
5852,FDN,FDN,Magic: The Gathering Foundations
5854,MB2,MB2,Mystery Booster 2
5862,,,Tokens of World
5878,,,Mystery Booster 2: Playtest Cards
5885,PDSK,PDSK,Duskmourn: House of Horror: Promos
5886,,,Duskmourn: House of Horror: Tokens
5897,,,Gatherers' Tavern
5911,,,Mystery Booster 2: Reprints from Across Magic's History
5930,INR,INR,Innistrad Remastered
5931,FDN,FDN,Magic: The Gathering Foundations: Extras
5932,J25,J25,Foundations Jumpstart
5938,,,Magic: The Gathering Foundations: Starter Collection
5940,PFDN,PFDN,Magic: The Gathering Foundations: Promos
5941,,,Magic: The Gathering Foundations: Tokens
5942,,,Magic: The Gathering Foundations: Beginner Box
5977,INR,INR,Innistrad Remastered: Extras
5980,,,Vanlubow
5982,DFT,DFT,Aetherdrift
5988,DRC,DRC,Commander: Aetherdrift
5991,PDFT,PDFT,Aetherdrift: Promos
6007,,,Innistrad Remastered: Tokens
6011,DFT,DFT,Aetherdrift: Extras
6012,,,Aetherdrift: First-Place
6022,DRC,DRC,Commander: Aetherdrift: Extras
6035,,,Nils Hamm Tokens
6036,,,Aetherdrift: Tokens
6046,,,2025 Lunar New Year Promos
6057,FIN,FIN,Magic: The Gathering - FINAL FANTASY
6058,FIC,FIC,Commander: Magic: The Gathering - FINAL FANTASY
6059,FCA,FCA,Magic: The Gathering - FINAL FANTASY Through the Ages
6060,TDM,TDM,Tarkir: Dragonstorm
6062,TDC,TDC,Commander: Tarkir: Dragonstorm
6063,EOE,EOE,Edge of Eternities
6064,EOC,EOC,Commander: Edge of Eternities
6070,SPM,SPM,Magic: The Gathering | Marvel's Spider-Man
6091,TDM,TDM,Tarkir: Dragonstorm: Extras
6095,,,Secret Lair Drop Series: Our Boss Is on Vacation Superdrop
6100,TDC,TDC,Commander: Tarkir: Dragonstorm: Extras
6102,,,Tarkir: Dragonstorm: Tokens
6103,PTDM,PTDM,Tarkir: Dragonstorm: Promos
6106,PEOE,PEOE,Edge of Eternities: Promos
6112,,,Boomer Tokns
6113,,,Finotto's Lost Tokens
6114,,,NTHKG Tokens
6117,,,Street Clans
6119,,,Secret Lair Drop Series: The Ultimate Pencil Superdrop
6120,,,Secret Lair Commander Deck: Everyone's Invited!
6136,,,Commander: Magic: The Gathering - FINAL FANTASY: Extras
6137,FIN,FIN,Magic: The Gathering - FINAL FANTASY: Extras
6139,,,Magic: The Gathering - FINAL FANTASY: Tokens
6141,,,Secret Lair Drop Series: Summer Superdrop 2025
6143,FIC,FIC,Commander: Magic: The Gathering - FINAL FANTASY: Collector's Edition
6162,PFIN,PFIN,Magic: The Gathering - FINAL FANTASY: Promos
6166,,,For Science!
6174,EOE,EOE,Edge of Eternities: Extras
6185,,,Secret Lair Drop Series: Secret Lair x National Association of Latino Arts and Cultures
6192,,,Secret Lair Drop Series: The Sonic Superdrop
6201,,,Stellar Sights
6202,EOC,EOC,Commander: Edge of Eternities: Extras
6213,,,Edge of Eternities: Tokens
6216,,,Mana ZenZero
6234,SPM,SPM,Magic: The Gathering | Marvel's Spider-Man: Extras
6236,SPE,SPE,Magic: The Gathering | Marvel's Spider-Man: Eternal
6246,,,Josu Solano Tokens
6261,TLA,TLA,Magic: The Gathering | Avatar: The Last Airbender
6262,TLE,TLE,Magic: The Gathering | Avatar: The Last Airbender: Eternal
6263,TLA,TLA,Magic: The Gathering | Avatar: The Last Airbender: Extras
6296,,,Dobi TOKENS
6305,,,Magic: The Gathering | Marvel's Spider-Man: Source Material Cards
6307,,,Magic: The Gathering | Marvel's Spider-Man: Tokens
6312,PSPM,PSPM,Magic: The Gathering | Marvel's Spider-Man: Promos
6323,,,Secret Lair Drop Series: Secret Lair x Marvel's Spider-Man Superdrop
6325,ECL,ECL,Lorwyn Eclipsed
6326,ECC,ECC,Commander: Lorwyn Eclipsed
6327,,,Secret Lair Drop Series: Secret Scare Superdrop
6331,,,Magic: The Gathering - FINAL FANTASY Holiday Release
6345,TMT,TMT,Magic: The Gathering | Teenage Mutant Ninja Turtles
6373,,,Secret Lair Drop Series: Secret Lair x PlayStation
6384,PTLA,PTLA,Magic: The Gathering | Avatar: The Last Airbender: Promos
6385,,,Magic: The Gathering | Avatar: The Last Airbender: Tokens
6388,,,Secret Lair Drop Series: Secret Lair x Avatar: The Last Airbender Superdrop
6390,,,Secret Lair Drop Series: Secret Lair Countdown Kit: An Encyclopedia of Magic
6421,ECL,ECL,Lorwyn Eclipsed: Extras
6436,PECL,PECL,Lorwyn Eclipsed: Promos
6438,,,Lorwyn Eclipsed: Tokens
6439,ECC,ECC,Commander: Lorwyn Eclipsed: Extras
6470,TMT,TMT,Magic: The Gathering | Teenage Mutant Ninja Turtles: Extras
6471,,,Secret Lair Drop Series: Rad Superdrop
